{
  "ExtendedData": {
    "inputs": [
      "http://192.168.23.157/SYSPRO8WebServices/transaction.asmx?wsdl"
    ],
    "collectionTypes": [
      "System.Array",
      "System.Collections.Generic.Dictionary`2"
    ],
    "namespaceMappings": [
      "*, TransactionReference"
    ],
    "references": [
      "Azure.Core, {Azure.Core, 1.38.0}",
      "Azure.Identity, {Azure.Identity, 1.11.4}",
      "E:\\Ortho-xact-api\\obj\\Release\\net8.0\\PubTmp\\Out\\SysproWcfClient.dll",
      "Microsoft.AspNetCore.Authentication.JwtBearer, {Microsoft.AspNetCore.Authentication.JwtBearer, 8.0.15}",
      "Microsoft.Bcl.AsyncInterfaces, {Microsoft.Bcl.AsyncInterfaces, 7.0.0}",
      "Microsoft.Data.SqlClient, {Microsoft.Data.SqlClient, 5.1.6}",
      "Microsoft.EntityFrameworkCore, {Microsoft.EntityFrameworkCore, 9.0.5}",
      "Microsoft.EntityFrameworkCore.Abstractions, {Microsoft.EntityFrameworkCore.Abstractions, 9.0.5}",
      "Microsoft.EntityFrameworkCore.Relational, {Microsoft.EntityFrameworkCore.Relational, 9.0.5}",
      "Microsoft.EntityFrameworkCore.SqlServer, {Microsoft.EntityFrameworkCore.SqlServer, 9.0.5}",
      "Microsoft.Extensions.Caching.Abstractions, {Microsoft.Extensions.Caching.Abstractions, 9.0.5}",
      "Microsoft.Extensions.Caching.Memory, {Microsoft.Extensions.Caching.Memory, 9.0.5}",
      "Microsoft.Extensions.Configuration, {Microsoft.Extensions.Configuration, 9.0.5}",
      "Microsoft.Extensions.Configuration.Abstractions, {Microsoft.Extensions.Configuration.Abstractions, 9.0.5}",
      "Microsoft.Extensions.Configuration.Binder, {Microsoft.Extensions.Configuration.Binder, 9.0.5}",
      "Microsoft.Extensions.Configuration.CommandLine, {Microsoft.Extensions.Configuration.CommandLine, 9.0.5}",
      "Microsoft.Extensions.Configuration.EnvironmentVariables, {Microsoft.Extensions.Configuration.EnvironmentVariables, 9.0.5}",
      "Microsoft.Extensions.Configuration.FileExtensions, {Microsoft.Extensions.Configuration.FileExtensions, 9.0.5}",
      "Microsoft.Extensions.Configuration.Json, {Microsoft.Extensions.Configuration.Json, 9.0.5}",
      "Microsoft.Extensions.Configuration.UserSecrets, {Microsoft.Extensions.Configuration.UserSecrets, 9.0.5}",
      "Microsoft.Extensions.DependencyInjection, {Microsoft.Extensions.DependencyInjection, 9.0.5}",
      "Microsoft.Extensions.DependencyInjection.Abstractions, {Microsoft.Extensions.DependencyInjection.Abstractions, 9.0.5}",
      "Microsoft.Extensions.Diagnostics, {Microsoft.Extensions.Diagnostics, 9.0.5}",
      "Microsoft.Extensions.Diagnostics.Abstractions, {Microsoft.Extensions.Diagnostics.Abstractions, 9.0.5}",
      "Microsoft.Extensions.FileProviders.Abstractions, {Microsoft.Extensions.FileProviders.Abstractions, 9.0.5}",
      "Microsoft.Extensions.FileProviders.Physical, {Microsoft.Extensions.FileProviders.Physical, 9.0.5}",
      "Microsoft.Extensions.FileSystemGlobbing, {Microsoft.Extensions.FileSystemGlobbing, 9.0.5}",
      "Microsoft.Extensions.Hosting, {Microsoft.Extensions.Hosting, 9.0.5}",
      "Microsoft.Extensions.Hosting.Abstractions, {Microsoft.Extensions.Hosting.Abstractions, 9.0.5}",
      "Microsoft.Extensions.Hosting.WindowsServices, {Microsoft.Extensions.Hosting.WindowsServices, 9.0.5}",
      "Microsoft.Extensions.Logging, {Microsoft.Extensions.Logging, 9.0.5}",
      "Microsoft.Extensions.Logging.Abstractions, {Microsoft.Extensions.Logging.Abstractions, 9.0.5}",
      "Microsoft.Extensions.Logging.Configuration, {Microsoft.Extensions.Logging.Configuration, 9.0.5}",
      "Microsoft.Extensions.Logging.Console, {Microsoft.Extensions.Logging.Console, 9.0.5}",
      "Microsoft.Extensions.Logging.Debug, {Microsoft.Extensions.Logging.Debug, 9.0.5}",
      "Microsoft.Extensions.Logging.EventLog, {Microsoft.Extensions.Logging.EventLog, 9.0.5}",
      "Microsoft.Extensions.Logging.EventSource, {Microsoft.Extensions.Logging.EventSource, 9.0.5}",
      "Microsoft.Extensions.ObjectPool, {Microsoft.Extensions.ObjectPool, 8.0.10}",
      "Microsoft.Extensions.Options, {Microsoft.Extensions.Options, 9.0.5}",
      "Microsoft.Extensions.Options.ConfigurationExtensions, {Microsoft.Extensions.Options.ConfigurationExtensions, 9.0.5}",
      "Microsoft.Extensions.Primitives, {Microsoft.Extensions.Primitives, 9.0.5}",
      "Microsoft.Identity.Client, {Microsoft.Identity.Client, 4.61.3}",
      "Microsoft.Identity.Client.Extensions.Msal, {Microsoft.Identity.Client.Extensions.Msal, 4.61.3}",
      "Microsoft.IdentityModel.Abstractions, {Microsoft.IdentityModel.Abstractions, 7.1.2}",
      "Microsoft.IdentityModel.JsonWebTokens, {Microsoft.IdentityModel.JsonWebTokens, 7.1.2}",
      "Microsoft.IdentityModel.Logging, {Microsoft.IdentityModel.Logging, 7.1.2}",
      "Microsoft.IdentityModel.Protocols, {Microsoft.IdentityModel.Protocols, 7.1.2}",
      "Microsoft.IdentityModel.Protocols.OpenIdConnect, {Microsoft.IdentityModel.Protocols.OpenIdConnect, 7.1.2}",
      "Microsoft.IdentityModel.Tokens, {Microsoft.IdentityModel.Tokens, 7.1.2}",
      "Microsoft.OpenApi, {Microsoft.OpenApi, 1.2.3}",
      "Microsoft.SqlServer.Server, {Microsoft.SqlServer.Server, 1.0.0}",
      "Swashbuckle.AspNetCore.Swagger, {Swashbuckle.AspNetCore.Swagger, 6.4.0}",
      "Swashbuckle.AspNetCore.SwaggerGen, {Swashbuckle.AspNetCore.SwaggerGen, 6.4.0}",
      "Swashbuckle.AspNetCore.SwaggerUI, {Swashbuckle.AspNetCore.SwaggerUI, 6.4.0}",
      "System.ClientModel, {System.ClientModel, 1.0.0}",
      "System.Diagnostics.DiagnosticSource, {System.Diagnostics.DiagnosticSource, 9.0.5}",
      "System.Diagnostics.EventLog, {System.Diagnostics.EventLog, 9.0.5}",
      "System.IdentityModel.Tokens.Jwt, {System.IdentityModel.Tokens.Jwt, 7.1.2}",
      "System.IO.Pipelines, {System.IO.Pipelines, 9.0.5}",
      "System.Memory.Data, {System.Memory.Data, 1.0.2}",
      "System.Security.Cryptography.Cng, {System.Security.Cryptography.Cng, 5.0.0}",
      "System.Security.Cryptography.Pkcs, {System.Security.Cryptography.Pkcs, 8.0.1}",
      "System.Security.Cryptography.ProtectedData, {System.Security.Cryptography.ProtectedData, 6.0.0}",
      "System.Security.Cryptography.Xml, {System.Security.Cryptography.Xml, 8.0.2}",
      "System.ServiceModel, {System.ServiceModel.Primitives, 8.1.2}",
      "System.ServiceModel.Duplex, {System.ServiceModel.Primitives, 8.1.2}",
      "System.ServiceModel.Http, {System.ServiceModel.Http, 8.1.2}",
      "System.ServiceModel.NetFramingBase, {System.ServiceModel.NetFramingBase, 8.1.2}",
      "System.ServiceModel.NetTcp, {System.ServiceModel.NetTcp, 8.1.2}",
      "System.ServiceModel.Primitives, {System.ServiceModel.Primitives, 8.1.2}",
      "System.ServiceModel.Security, {System.ServiceModel.Primitives, 8.1.2}",
      "System.ServiceProcess.ServiceController, {System.ServiceProcess.ServiceController, 9.0.5}",
      "System.Text.Encodings.Web, {System.Text.Encodings.Web, 9.0.5}",
      "System.Text.Json, {System.Text.Json, 9.0.5}"
    ],
    "sync": true,
    "targetFramework": "net8.0",
    "typeReuseMode": "All"
  }
}